# Copyright (c) Meta Platforms, Inc. and affiliates.
#
# Licensed under the Apache License, Version 2.0 (the "License");
# you may not use this file except in compliance with the License.
# You may obtain a copy of the License at
#
#     http://www.apache.org/licenses/LICENSE-2.0
#
# Unless required by applicable law or agreed to in writing, software
# distributed under the License is distributed on an "AS IS" BASIS,
# WITHOUT WARRANTIES OR CONDITIONS OF ANY KIND, either express or implied.
# See the License for the specific language governing permissions and
# limitations under the License.

# Name,    Type, SubType, Offset,   Size,
# 4 MB flash layout for the ESP32 CYD (ESP32-2432S028R, "Cheap Yellow Display").
# A single factory app slot: OTA is off by default (CONFIG_HOMEHUB_OTA_ENABLED=n)
# and two OTA slots would not leave room for the app on 4 MB. The partition
# table stays at CONFIG_PARTITION_TABLE_OFFSET=0x10000 (see sdkconfig.defaults),
# NOT the IDF default 0x8000, so the Secure Boot V2-sized bootloader fits.
nvs,       data, nvs,     0x11000,  0x6000,
otadata,   data, ota,     0x17000,  0x2000,
phy_init,  data, phy,     0x19000,  0x1000,
factory,   app,  factory, 0x20000,  0x3E0000,
